city,state,rank
New York,New York,1
Los Angeles,California,2
Chicago,Illinois,3
Houston,Texas,4
Phoenix,Arizona,5
Philadelphia,Pennsylvania,6
San Antonio,Texas,7
San Diego,California,8
Dallas,Texas,9
San Jose,California,10
Austin,Texas,11
Jacksonville,Florida,12
Fort Worth,Texas,13
Columbus,Ohio,14
San Francisco,California,15
Charlotte,North Carolina,16
Indianapolis,Indiana,17
Seattle,Washington,18
Denver,Colorado,19
Washington,District of Columbia,20
Boston,Massachusetts,21
El Paso,Texas,22
Detroit,Michigan,23
Nashville,Tennessee,24
Portland,Oregon,25
Memphis,Tennessee,26
Oklahoma City,Oklahoma,27
Las Vegas,Nevada,28
Louisville,Kentucky,29
Baltimore,Maryland,30
Milwaukee,Wisconsin,31
Albuquerque,New Mexico,32
Tucson,Arizona,33
Fresno,California,34
Mesa,Arizona,35
Sacramento,California,36
Atlanta,Georgia,37
Kansas City,Missouri,38
Colorado Springs,Colorado,39
Miami,Florida,40
Raleigh,North Carolina,41
Omaha,Nebraska,42
Long Beach,California,43
Virginia Beach,Virginia,44
Oakland,California,45
Minneapolis,Minnesota,46
Tulsa,Oklahoma,47
Arlington,Texas,48
Tampa,Florida,49
New Orleans,Louisiana,50
Wichita,Kansas,51
Cleveland,Ohio,52
Bakersfield,California,53
Aurora,Colorado,54
Anaheim,California,55
Honolulu,Hawaii,56
Santa Ana,California,57
Riverside,California,58
Corpus Christi,Texas,59
Lexington,Kentucky,60
Stockton,California,61
Henderson,Nevada,62
Saint Paul,Minnesota,63
St. Louis,Missouri,64
Cincinnati,Ohio,65
Pittsburgh,Pennsylvania,66
Greensboro,North Carolina,67
Anchorage,Alaska,68
Plano,Texas,69
Lincoln,Nebraska,70
Orlando,Florida,71
Irvine,California,72
Newark,New Jersey,73
Toledo,Ohio,74
Durham,North Carolina,75
Chula Vista,California,76
Fort Wayne,Indiana,77
Jersey City,New Jersey,78
St. Petersburg,Florida,79
Laredo,Texas,80
Madison,Wisconsin,81
Chandler,Arizona,82
Buffalo,New York,83
Lubbock,Texas,84
Scottsdale,Arizona,85
Reno,Nevada,86
Glendale,Arizona,87
Gilbert,Arizona,88
Winston–Salem,North Carolina,89
North Las Vegas,Nevada,90
Norfolk,Virginia,91
Chesapeake,Virginia,92
Garland,Texas,93
Irving,Texas,94
Hialeah,Florida,95
Fremont,California,96
Boise,Idaho,97
Richmond,Virginia,98
Baton Rouge,Louisiana,99
Spokane,Washington,100
Des Moines,Iowa,101
Tacoma,Washington,102
San Bernardino,California,103
Modesto,California,104
Fontana,California,105
Santa Clarita,California,106
Birmingham,Alabama,107
Oxnard,California,108
Fayetteville,North Carolina,109
Moreno Valley,California,110
Rochester,New York,111
Glendale,California,112
Huntington Beach,California,113
Salt Lake City,Utah,114
Grand Rapids,Michigan,115
Amarillo,Texas,116
Yonkers,New York,117
Aurora,Illinois,118
Montgomery,Alabama,119
Akron,Ohio,120
Little Rock,Arkansas,121
Huntsville,Alabama,122
Augusta,Georgia,123
Port St. Lucie,Florida,124
Grand Prairie,Texas,125
Columbus,Georgia,126
Tallahassee,Florida,127
Overland Park,Kansas,128
Tempe,Arizona,129
McKinney,Texas,130
Mobile,Alabama,131
Cape Coral,Florida,132
Shreveport,Louisiana,133
Frisco,Texas,134
Knoxville,Tennessee,135
Worcester,Massachusetts,136
Brownsville,Texas,137
Vancouver,Washington,138
Fort Lauderdale,Florida,139
Sioux Falls,South Dakota,140
Ontario,California,141
Chattanooga,Tennessee,142
Providence,Rhode Island,143
Newport News,Virginia,144
Rancho Cucamonga,California,145
Santa Rosa,California,146
Oceanside,California,147
Salem,Oregon,148
Elk Grove,California,149
Garden Grove,California,150
Pembroke Pines,Florida,151
Peoria,Arizona,152
Eugene,Oregon,153
Corona,California,154
Cary,North Carolina,155
Springfield,Missouri,156
Fort Collins,Colorado,157
Jackson,Mississippi,158
Alexandria,Virginia,159
Hayward,California,160
Lancaster,California,161
Lakewood,Colorado,162
Clarksville,Tennessee,163
Palmdale,California,164
Salinas,California,165
Springfield,Massachusetts,166
Hollywood,Florida,167
Pasadena,Texas,168
Sunnyvale,California,169
Macon,Georgia,170
Kansas City,Kansas,171
Pomona,California,172
Escondido,California,173
Killeen,Texas,174
Naperville,Illinois,175
Joliet,Illinois,176
Bellevue,Washington,177
Rockford,Illinois,178
Savannah,Georgia,179
Paterson,New Jersey,180
Torrance,California,181
Bridgeport,Connecticut,182
McAllen,Texas,183
Mesquite,Texas,184
Syracuse,New York,185
Midland,Texas,186
Pasadena,California,187
Murfreesboro,Tennessee,188
Miramar,Florida,189
Dayton,Ohio,190
Fullerton,California,191
Olathe,Kansas,192
Orange,California,193
Thornton,Colorado,194
Roseville,California,195
Denton,Texas,196
Waco,Texas,197
Surprise,Arizona,198
Carrollton,Texas,199
West Valley City,Utah,200
Charleston,South Carolina,201
Warren,Michigan,202
Hampton,Virginia,203
Gainesville,Florida,204
Visalia,California,205
Coral Springs,Florida,206
Columbia,South Carolina,207
Cedar Rapids,Iowa,208
Sterling Heights,Michigan,209
New Haven,Connecticut,210
Stamford,Connecticut,211
Concord,California,212
Kent,Washington,213
Santa Clara,California,214
Elizabeth,New Jersey,215
Round Rock,Texas,216
Thousand Oaks,California,217
Lafayette,Louisiana,218
Athens,Georgia,219
Topeka,Kansas,220
Simi Valley,California,221
Fargo,North Dakota,222
Norman,Oklahoma,223
Columbia,Missouri,224
Abilene,Texas,225
Wilmington,North Carolina,226
Hartford,Connecticut,227
Victorville,California,228
Pearland,Texas,229
Vallejo,California,230
Ann Arbor,Michigan,231
Berkeley,California,232
Allentown,Pennsylvania,233
Richardson,Texas,234
Odessa,Texas,235
Arvada,Colorado,236
Cambridge,Massachusetts,237
Sugar Land,Texas,238
Beaumont,Texas,239
Lansing,Michigan,240
Evansville,Indiana,241
Rochester,Minnesota,242
Independence,Missouri,243
Fairfield,California,244
Provo,Utah,245
Clearwater,Florida,246
College Station,Texas,247
West Jordan,Utah,248
Carlsbad,California,249
El Monte,California,250
Murrieta,California,251
Temecula,California,252
Springfield,Illinois,253
Palm Bay,Florida,254
Costa Mesa,California,255
Westminster,Colorado,256
North Charleston,South Carolina,257
Miami Gardens,Florida,258
Manchester,New Hampshire,259
High Point,North Carolina,260
Downey,California,261
Clovis,California,262
Pompano Beach,Florida,263
Pueblo,Colorado,264
Elgin,Illinois,265
Lowell,Massachusetts,266
Antioch,California,267
West Palm Beach,Florida,268
Peoria,Illinois,269
Everett,Washington,270
Ventura,California,271
Centennial,Colorado,272
Lakeland,Florida,273
Gresham,Oregon,274
Richmond,California,275
Billings,Montana,276
Inglewood,California,277
Broken Arrow,Oklahoma,278
Sandy Springs,Georgia,279
Jurupa Valley,California,280
Hillsboro,Oregon,281
Waterbury,Connecticut,282
Santa Maria,California,283
Boulder,Colorado,284
Greeley,Colorado,285
Daly City,California,286
Meridian,Idaho,287
Lewisville,Texas,288
Davie,Florida,289
West Covina,California,290
League City,Texas,291
Tyler,Texas,292
Norwalk,California,293
San Mateo,California,294
Green Bay,Wisconsin,295
Wichita Falls,Texas,296
Sparks,Nevada,297
Lakewood,New Jersey,298
Burbank,California,299
Rialto,California,300
Allen,Texas,301
El Cajon,California,302
Las Cruces,New Mexico,303
Renton,Washington,304
Davenport,Iowa,305
South Bend,Indiana,306
Vista,California,307
Tuscaloosa,Alabama,308
Clinton,Michigan,309
Edison,New Jersey,310
Woodbridge,New Jersey,311
San Angelo,Texas,312
Kenosha,Wisconsin,313
Vacaville,California,314
